<?xml version="1.0" encoding="UTF-8"?>
<templates>
 <template template_id="39" template_key="blockrecordfeed_veilon_articles_block_39" template_title="veilon_articles_block" template_desc="" template_location="block" template_group="RecordFeed" template_container="0" template_position="0" template_rel_id="0" template_updated="0" template_user_created="1" template_user_edited="1" template_app="cms" template_rel_type="" template_master="0" template_type="template" template_original_group="&quot; key=" template_file_object="" TemplateKey="_block_RecordFeed_blockrecordfeed_veilon_articles_block_39" jsDataKey="_block_RecordFeed_blockrecordfeed_veilon_articles_block_39">
  <template_params>$records, $title, $orientation='vertical'</template_params>
  <template_content><![CDATA[<div class="vnArticlesGrid">
{{if !empty( $records )}}
{{foreach $records as $record}}
{{if theme.veilon_articles_block_enable == '1'}}
{{if theme.veilon_articles_block_wcs =='*' || \IPS\Member::loggedIn()->inGroup( explode( ',', theme.veilon_articles_block_wcs ) )}}
    {{if in_array('forumindex', explode(',', theme.veilon_articles_block_exclude )) && request.module == 'forums' && request.controller == 'index' || in_array('forumtopic', explode(',', theme.veilon_articles_block_exclude )) && request.module == 'forums' && request.controller == 'topic' || in_array('profiles', explode(',', theme.veilon_articles_block_exclude )) && request.module == 'members' && request.controller == 'profile' || in_array('search', explode(',', theme.veilon_articles_block_exclude )) && request.module == 'search' && request.controller == 'search' || in_array('messages', explode(',', theme.veilon_articles_block_exclude )) && request.module == 'messaging' && request.controller == 'messenger' || in_array('login', explode(',', theme.veilon_articles_block_exclude )) && request.module == 'system' && request.controller == 'login' || in_array('register', explode(',', theme.veilon_articles_block_exclude )) && request.module == 'system' && request.controller == 'register' || in_array('activity', explode(',', theme.veilon_articles_block_exclude )) && request.module == 'discover' && request.controller == 'streams' || in_array('clubsindex', explode(',', theme.veilon_articles_block_exclude )) && request.module == 'clubs' && request.controller == 'directory' || in_array('clubsview', explode(',', theme.veilon_articles_block_exclude )) && request.module == 'clubs' && request.controller == 'view' || in_array('pages', explode(',', theme.veilon_articles_block_exclude )) && request.module == 'pages' || in_array('gallery', explode(',', theme.veilon_articles_block_exclude )) && request.module == 'gallery' || in_array('blogs', explode(',', theme.veilon_articles_block_exclude )) && request.module == 'blogs' || in_array('downloads', explode(',', theme.veilon_articles_block_exclude )) && request.module == 'downloads'}}
    {{else}}
{{if theme.veilon_articles_block_wts == '*'}}
{{if theme.veilon_articles_block_pinned_position === 'left'}}
  {{if $record->mapped('pinned')}}
    <div class='vnArticlesGrid_sec1'>
    <div class="vnArticlesGrid_span1">
        <a href="{$record->url()}">
           <div class="cCmsRecord_image">
             {{if $record->record_image}}
                <img src='{file="$record->_record_image_thumb" extension="cms_Records"}'>
             {{endif}}
            </div>
            <div class="cCmsRecord_content">
                <h2>{wordbreak="$record->_title"}</h2>
                <span>{$record->author()->name}, {datetime="$record->mapped('date')"}</span>
            </div>
        </a>
    </div>
    </div>
  {{endif}}
  
  <div class='vnArticlesGrid_sec2'>
    <div class="vnArticlesGrid_span2 {{if $record->mapped('pinned')}}pinned{{endif}}">
        <a href="{$record->url()}">
           <div class="cCmsRecord_image">
             {{if $record->record_image}}
                <img src='{file="$record->_record_image_thumb" extension="cms_Records"}'>
             {{endif}}
            </div>
            <div class="cCmsRecord_content">
                <h2>{wordbreak="$record->_title"}</h2>
                <span>{$record->author()->name}, {datetime="$record->mapped('date')"}</span>
            </div>
        </a>
    </div>
    </div>
{{endif}}
 {{if theme.veilon_articles_block_pinned_position === 'right'}}
  <div class='vnArticlesGrid_sec2'>
    <div class="vnArticlesGrid_span2 {{if $record->mapped('pinned')}}pinned{{endif}}">
        <a href="{$record->url()}">
           <div class="cCmsRecord_image">
             {{if $record->record_image}}
                <img src='{file="$record->_record_image_thumb" extension="cms_Records"}'>
             {{endif}}
            </div>
            <div class="cCmsRecord_content">
                <h2>{wordbreak="$record->_title"}</h2>
                <span>{$record->author()->name}, {datetime="$record->mapped('date')"}</span>
            </div>
        </a>
    </div>
    </div>
    {{if $record->mapped('pinned')}}
    <div class='vnArticlesGrid_sec1'>
    <div class="vnArticlesGrid_span1">
        <a href="{$record->url()}">
           <div class="cCmsRecord_image">
             {{if $record->record_image}}
                <img src='{file="$record->_record_image_thumb" extension="cms_Records"}'>
             {{endif}}
            </div>
            <div class="cCmsRecord_content">
                <h2>{wordbreak="$record->_title"}</h2>
                <span>{$record->author()->name}, {datetime="$record->mapped('date')"}</span>
            </div>
        </a>
    </div>
    </div>
  {{endif}}
{{endif}}
{{else}}
{{foreach explode(',', theme.veilon_articles_block_wts) as $val}}
                {{if $val == 'forums' && request.module == 'forums' || $val == 'pages' && request.module == 'pages' || $val == 'gallery' && request.module == 'gallery' || $val == 'blogs' && request.module == 'blogs' || $val == 'downloads' && request.module == 'downloads' || $val == 'activiy' && request.module == 'discover' && request.controller == 'streams' || $val == 'store' && request.module == 'store' && request.controller == 'store' || $val == 'clubs' && request.module == 'clubs' && request.controller == 'directory'}}
{{if theme.veilon_articles_block_pinned_position === 'left'}}
  {{if $record->mapped('pinned')}}
    <div class='vnArticlesGrid_sec1'>
    <div class="vnArticlesGrid_span1">
        <a href="{$record->url()}">
           <div class="cCmsRecord_image">
             {{if $record->record_image}}
                <img src='{file="$record->_record_image_thumb" extension="cms_Records"}'>
             {{endif}}
            </div>
            <div class="cCmsRecord_content">
                <h2>{wordbreak="$record->_title"}</h2>
                <span>{$record->author()->name}, {datetime="$record->mapped('date')"}</span>
            </div>
        </a>
    </div>
    </div>
  {{endif}}
  
  <div class='vnArticlesGrid_sec2'>
    <div class="vnArticlesGrid_span2 {{if $record->mapped('pinned')}}pinned{{endif}}">
        <a href="{$record->url()}">
           <div class="cCmsRecord_image">
             {{if $record->record_image}}
                <img src='{file="$record->_record_image_thumb" extension="cms_Records"}'>
             {{endif}}
            </div>
            <div class="cCmsRecord_content">
                <h2>{wordbreak="$record->_title"}</h2>
                <span>{$record->author()->name}, {datetime="$record->mapped('date')"}</span>
            </div>
        </a>
    </div>
    </div>
{{endif}}
 {{if theme.veilon_articles_block_pinned_position === 'right'}}
  <div class='vnArticlesGrid_sec2'>
    <div class="vnArticlesGrid_span2 {{if $record->mapped('pinned')}}pinned{{endif}}">
        <a href="{$record->url()}">
           <div class="cCmsRecord_image">
             {{if $record->record_image}}
                <img src='{file="$record->_record_image_thumb" extension="cms_Records"}'>
             {{endif}}
            </div>
            <div class="cCmsRecord_content">
                <h2>{wordbreak="$record->_title"}</h2>
                <span>{$record->author()->name}, {datetime="$record->mapped('date')"}</span>
            </div>
        </a>
    </div>
    </div>
    {{if $record->mapped('pinned')}}
    <div class='vnArticlesGrid_sec1'>
    <div class="vnArticlesGrid_span1">
        <a href="{$record->url()}">
           <div class="cCmsRecord_image">
             {{if $record->record_image}}
                <img src='{file="$record->_record_image_thumb" extension="cms_Records"}'>
             {{endif}}
            </div>
            <div class="cCmsRecord_content">
                <h2>{wordbreak="$record->_title"}</h2>
                <span>{$record->author()->name}, {datetime="$record->mapped('date')"}</span>
            </div>
        </a>
    </div>
    </div>
  {{endif}}
{{endif}}
{{endif}}
{{endforeach}}
{{endif}}
{{endif}}
{{endif}}
{{endif}}
  {{endforeach}}
  {{endif}}
  </div>]]></template_content>
 </template>
 <template template_id="37" template_key="blockrecordfeed_veilon_articles_slide_37" template_title="veilon_articles_slide" template_desc="" template_location="block" template_group="RecordFeed" template_container="0" template_position="0" template_rel_id="0" template_updated="0" template_user_created="1" template_user_edited="1" template_app="cms" template_rel_type="" template_master="0" template_type="template" template_original_group="&quot; key=" template_file_object="" TemplateKey="_block_RecordFeed_blockrecordfeed_veilon_articles_slide_37" jsDataKey="_block_RecordFeed_blockrecordfeed_veilon_articles_slide_37">
  <template_params>$records, $title, $orientation='vertical'</template_params>
  <template_content><![CDATA[{{if theme.veilon_slider_article}}
{{if !empty( $records )}}
{{foreach $records as $record}}
<div class="swiper-slide article-slide" style='background-image:url({file="$record->_record_image_thumb" extension="cms_Records"}'>
   <div class="swiper-slide-content ipsLayout_container v-as-pattern">
     <div class='slide-content-article-image'> 
     	 <img src='{file="$record->_record_image_thumb" extension="cms_Records"}'>
     </div>
      <div class='slide-content-article-content'> 
     <h1>{wordbreak="$record->_title"}</h1>
      <div class='ipsDataItem_meta'>
         <div data-ipsTruncate data-ipsTruncate-type="remove" data-ipsTruncate-size="{theme='veilon_slider_article_truncate'} lines">
            {$record->truncated()|raw}
         </div>
      </div>
       <ul class="ipsList_inline slide-info test">
         <li>{lang="byline_nodate" htmlsprintf="$record->author()->link()"}, {datetime="$record->mapped('date')"} </li>
      </ul>
      <a href="{$record->url()}" class="ipsButton ipsButton_primary">Read More</a>
   </div>
     </div>
</div>
{{endforeach}}
{{endif}}
{{endif}}]]></template_content>
 </template>
 <template template_id="38" template_key="blockrecordfeed_veilon_footer_articles_38" template_title="veilon_footer_articles" template_desc="" template_location="block" template_group="RecordFeed" template_container="0" template_position="0" template_rel_id="0" template_updated="0" template_user_created="1" template_user_edited="1" template_app="cms" template_rel_type="" template_master="0" template_type="template" template_original_group="&quot; key=" template_file_object="" TemplateKey="_block_RecordFeed_blockrecordfeed_veilon_footer_articles_38" jsDataKey="_block_RecordFeed_blockrecordfeed_veilon_footer_articles_38">
  <template_params>$records, $title, $orientation='vertical'</template_params>
  <template_content><![CDATA[{{if !empty( $records )}}
{{foreach $records as $record}}
    <li class="ipsClearfix">
        <div class="footer-content-article-image">
            <div class="image_box" style="width: 60px;">
                <a href="/" title="Go to Announcement!"><img src="{file="$record->_record_image_thumb" extension="cms_Records"}" width="100%">
                </a>
            </div>
        </div>
        <div class="footer-content-article">
            <h4 class="ipsDataItem_title ipsType_large ipsType_break">
            <a href="{$record->url()} "data-ipstruncate="" data-ipstruncate-type="remove" data-ipstruncate-size="1 lines">{wordbreak="$record->_title"}</a>
          </h4>
            <span>{lang="byline_nodate" htmlsprintf="$record->author()->link()"}, {datetime="$record->mapped('date')"}</span>
            
        </div>
    </li>

{{endforeach}}
{{endif}}]]></template_content>
 </template>
</templates>
