<?xml version="1.0" encoding="UTF-8"?>
<templates>
 <template template_id="69" template_key="blockrecordfeed_veilon_articles_block_69" template_title="veilon_articles_block" template_desc="" template_location="block" template_group="RecordFeed" template_container="0" template_position="0" template_rel_id="0" template_updated="0" template_user_created="1" template_user_edited="1" template_app="cms" template_rel_type="" template_master="0" template_type="template" template_original_group="&quot; key=" template_file_object="" TemplateKey="_block_RecordFeed_blockrecordfeed_veilon_articles_block_69" jsDataKey="_block_RecordFeed_blockrecordfeed_veilon_articles_block_69">
  <template_params>$records, $title, $orientation='vertical'</template_params>
  <template_content><![CDATA[{{if theme.veilon_articles_block_type == 'first'}}
<div class="vn-articles-grid">
   <ul class="vn-articles-list">
{{if !empty( $records )}}
{{foreach $records as $record}}
{{if theme.veilon_articles_block_enable == '1'}}
{{if theme.veilon_articles_block_wcs =='*' || \IPS\Member::loggedIn()->inGroup( explode( ',', theme.veilon_articles_block_wcs ) )}}
    {{if in_array('forumindex', explode(',', theme.veilon_articles_block_exclude )) && request.module == 'forums' && request.controller == 'index' || in_array('forumtopic', explode(',', theme.veilon_articles_block_exclude )) && request.module == 'forums' && request.controller == 'topic' || in_array('profiles', explode(',', theme.veilon_articles_block_exclude )) && request.module == 'members' && request.controller == 'profile' || in_array('search', explode(',', theme.veilon_articles_block_exclude )) && request.module == 'search' && request.controller == 'search' || in_array('messages', explode(',', theme.veilon_articles_block_exclude )) && request.module == 'messaging' && request.controller == 'messenger' || in_array('login', explode(',', theme.veilon_articles_block_exclude )) && request.module == 'system' && request.controller == 'login' || in_array('register', explode(',', theme.veilon_articles_block_exclude )) && request.module == 'system' && request.controller == 'register' || in_array('activity', explode(',', theme.veilon_articles_block_exclude )) && request.module == 'discover' && request.controller == 'streams' || in_array('clubsindex', explode(',', theme.veilon_articles_block_exclude )) && request.module == 'clubs' && request.controller == 'directory' || in_array('clubsview', explode(',', theme.veilon_articles_block_exclude )) && request.module == 'clubs' && request.controller == 'view' || in_array('pages', explode(',', theme.veilon_articles_block_exclude )) && request.module == 'pages' || in_array('gallery', explode(',', theme.veilon_articles_block_exclude )) && request.module == 'gallery' || in_array('blogs', explode(',', theme.veilon_articles_block_exclude )) && request.module == 'blogs' || in_array('downloads', explode(',', theme.veilon_articles_block_exclude )) && request.module == 'downloads'}}
    {{else}}
{{if theme.veilon_articles_block_wts == '*'}}
<li>
	<a href="{$record->url()}">
		<div class="vn-articles-grid-info">
                <h2>{wordbreak="$record->_title"}</h2>
                <span>{$record->author()->name}, {datetime="$record->mapped('date')"}</span>
		</div>
		{{if $record->record_image}}<div class="vn-articles-list-preview" style='background: url({file="$record->_record_image_thumb" extension="cms_Records"}) 0% 15%;'></div>{{endif}}
	</a>
</li>
{{else}}
{{foreach explode(',', theme.veilon_articles_block_wts) as $val}}
                {{if $val == 'forums' && request.module == 'forums' || $val == 'pages' && request.module == 'pages' || $val == 'gallery' && request.module == 'gallery' || $val == 'blogs' && request.module == 'blogs' || $val == 'downloads' && request.module == 'downloads' || $val == 'activiy' && request.module == 'discover' && request.controller == 'streams' || $val == 'store' && request.module == 'store' && request.controller == 'store' || $val == 'clubs' && request.module == 'clubs' && request.controller == 'directory'}}
<li>
	<a href="{$record->url()}">
		<div class="vn-articles-grid-info">
                <h2>{wordbreak="$record->_title"}</h2>
                <span>{$record->author()->name}, {datetime="$record->mapped('date')"}</span>
		</div>
		{{if $record->record_image}}<div class="vn-articles-list-preview" style='background: url({file="$record->_record_image_thumb" extension="cms_Records"}) 0% 15%;'></div>{{endif}}
	</a>
</li>
{{endif}}
{{endforeach}}
{{endif}}
{{endif}}
{{endif}}
{{endif}}
{{endforeach}}
{{endif}}
	</ul>
</div>
{{else}}
<div class="vn-recent-news">
   <ul class="vn-recent-news-list">
{{if !empty( $records )}}
{{foreach $records as $record}}
{{if theme.veilon_articles_block_enable == '1'}}
{{if theme.veilon_articles_block_wcs =='*' || \IPS\Member::loggedIn()->inGroup( explode( ',', theme.veilon_articles_block_wcs ) )}}
    {{if in_array('forumindex', explode(',', theme.veilon_articles_block_exclude )) && request.module == 'forums' && request.controller == 'index' || in_array('forumtopic', explode(',', theme.veilon_articles_block_exclude )) && request.module == 'forums' && request.controller == 'topic' || in_array('profiles', explode(',', theme.veilon_articles_block_exclude )) && request.module == 'members' && request.controller == 'profile' || in_array('search', explode(',', theme.veilon_articles_block_exclude )) && request.module == 'search' && request.controller == 'search' || in_array('messages', explode(',', theme.veilon_articles_block_exclude )) && request.module == 'messaging' && request.controller == 'messenger' || in_array('login', explode(',', theme.veilon_articles_block_exclude )) && request.module == 'system' && request.controller == 'login' || in_array('register', explode(',', theme.veilon_articles_block_exclude )) && request.module == 'system' && request.controller == 'register' || in_array('activity', explode(',', theme.veilon_articles_block_exclude )) && request.module == 'discover' && request.controller == 'streams' || in_array('clubsindex', explode(',', theme.veilon_articles_block_exclude )) && request.module == 'clubs' && request.controller == 'directory' || in_array('clubsview', explode(',', theme.veilon_articles_block_exclude )) && request.module == 'clubs' && request.controller == 'view' || in_array('pages', explode(',', theme.veilon_articles_block_exclude )) && request.module == 'pages' || in_array('gallery', explode(',', theme.veilon_articles_block_exclude )) && request.module == 'gallery' || in_array('blogs', explode(',', theme.veilon_articles_block_exclude )) && request.module == 'blogs' || in_array('downloads', explode(',', theme.veilon_articles_block_exclude )) && request.module == 'downloads'}}
    {{else}}
{{if theme.veilon_articles_block_wts == '*'}}
<li>
	<a href="{$record->url()}">
		<div class="vn-recent-news-info">
 			<h3 style="text-shadow: 1px 1px 0 black, -1px -1px 0 black;">{wordbreak="$record->_title"}</h3>
 			<span data-ipsTruncate data-ipsTruncate-type="remove" data-ipsTruncate-size="2 lines">{$record->truncated()|raw}</span>
		</div>
		{{if $record->record_image}}<img class="vn-recent-news-preview" src='{file="$record->_record_image_thumb" extension="cms_Records"}'>{{endif}}
	</a>
</li>
{{else}}
{{foreach explode(',', theme.veilon_articles_block_wts) as $val}}
                {{if $val == 'forums' && request.module == 'forums' || $val == 'pages' && request.module == 'pages' || $val == 'gallery' && request.module == 'gallery' || $val == 'blogs' && request.module == 'blogs' || $val == 'downloads' && request.module == 'downloads' || $val == 'activiy' && request.module == 'discover' && request.controller == 'streams' || $val == 'store' && request.module == 'store' && request.controller == 'store' || $val == 'clubs' && request.module == 'clubs' && request.controller == 'directory'}}
<li>
	<a href="{$record->url()}">
		<div class="vn-recent-news-info">
 			<h3 style="text-shadow: 1px 1px 0 black, -1px -1px 0 black;">{wordbreak="$record->_title"}</h3>
 			<span data-ipsTruncate data-ipsTruncate-type="remove" data-ipsTruncate-size="2 lines">{$record->truncated()|raw}</span>
		</div>
		{{if $record->record_image}}<img class="vn-recent-news-preview" src='{file="$record->_record_image_thumb" extension="cms_Records"}'>{{endif}}
	</a>
</li>
{{endif}}
{{endforeach}}
{{endif}}
{{endif}}
{{endif}}
{{endif}}
{{endforeach}}
{{endif}}
	</ul>
</div>
{{endif}}]]></template_content>
 </template>
</templates>
