<?xml version="1.0" encoding="UTF-8"?>
<templates>
 <template template_id="37" template_key="blockrecordfeed_veilon_articles_slide_37" template_title="veilon_articles_slide" template_desc="" template_location="block" template_group="RecordFeed" template_container="0" template_position="0" template_rel_id="0" template_updated="0" template_user_created="1" template_user_edited="1" template_app="cms" template_rel_type="" template_master="0" template_type="template" template_original_group="&quot; key=" template_file_object="" TemplateKey="_block_RecordFeed_blockrecordfeed_veilon_articles_slide_37" jsDataKey="_block_RecordFeed_blockrecordfeed_veilon_articles_slide_37">
  <template_params>$records, $title, $orientation='vertical'</template_params>
  <template_content><![CDATA[{{if theme.veilon_slider_article}}
{{if !empty( $records )}}
{{foreach $records as $record}}
<div class="swiper-slide article-slide" style='background-image:url({file="$record->_record_image_thumb" extension="cms_Records"}'>
   <div class="swiper-slide-content ipsLayout_container v-as-pattern">
     <div class='slide-content-article-image'> 
     	 <img src='{file="$record->_record_image_thumb" extension="cms_Records"}'>
     </div>
      <div class='slide-content-article-content'> 
     <h1>{wordbreak="$record->_title"}</h1>
      <div class='ipsDataItem_meta'>
         <div data-ipsTruncate data-ipsTruncate-type="remove" data-ipsTruncate-size="{theme='veilon_slider_article_truncate'} lines">
            {$record->truncated()|raw}
         </div>
      </div>
       <ul class="ipsList_inline slide-info test">
         <li>{lang="byline_nodate" htmlsprintf="$record->author()->link()"}, {datetime="$record->mapped('date')"} </li>
      </ul>
      <a href="{$record->url()}" class="ipsButton ipsButton_primary">Read More</a>
   </div>
     </div>
</div>
{{endforeach}}
{{endif}}
{{endif}}]]></template_content>
 </template>
</templates>
