<?xml version="1.0" encoding="UTF-8"?>
<templates>
 <template template_id="38" template_key="blockrecordfeed_veilon_footer_articles_38" template_title="veilon_footer_articles" template_desc="" template_location="block" template_group="RecordFeed" template_container="0" template_position="0" template_rel_id="0" template_updated="0" template_user_created="1" template_user_edited="1" template_app="cms" template_rel_type="" template_master="0" template_type="template" template_original_group="&quot; key=" template_file_object="" TemplateKey="_block_RecordFeed_blockrecordfeed_veilon_footer_articles_38" jsDataKey="_block_RecordFeed_blockrecordfeed_veilon_footer_articles_38">
  <template_params>$records, $title, $orientation='vertical'</template_params>
  <template_content><![CDATA[{{if !empty( $records )}}
{{foreach $records as $record}}
    <li class="ipsClearfix">
        <div class="footer-content-article-image">
            <div class="image_box" style="width: 60px;">
                <a href="/" title="Go to Announcement!"><img src="{file="$record->_record_image_thumb" extension="cms_Records"}" width="100%">
                </a>
            </div>
        </div>
        <div class="footer-content-article">
            <h4 class="ipsDataItem_title ipsType_large ipsType_break">
            <a href="{$record->url()} "data-ipstruncate="" data-ipstruncate-type="remove" data-ipstruncate-size="1 lines">{wordbreak="$record->_title"}</a>
          </h4>
            <span>{lang="byline_nodate" htmlsprintf="$record->author()->link()"}, {datetime="$record->mapped('date')"}</span>
            
        </div>
    </li>

{{endforeach}}
{{endif}}]]></template_content>
 </template>
</templates>
